Date,Plate,Well,Type,Inhibitor,Concentration,Cell,Buffer,Inside
20/03/2013,1,1,HV1,control,NA,?,Bicarbonate,Candida
20/03/2013,1,2,HV1,TEA,10000uM,?,Bicarbonate,Candida
20/03/2013,1,3,HV1,4AP,10000uM,?,Bicarbonate,Candida
20/03/2013,1,4,HV1,8BADPR,?,?,Bicarbonate,Candida
20/03/2013,1,5,WT,control,NA,?,Bicarbonate,Candida
20/03/2013,1,6,WT,TEA,10000uM,?,Bicarbonate,Candida
20/03/2013,1,7,WT,4AP,10000uM,?,Bicarbonate,Candida
20/03/2013,1,8,WT,8BADPR,?,?,Bicarbonate,Candida
22/03/2013,2,1,HV1,control,NA,?,Bicarbonate,Candida
22/03/2013,2,2,HV1,4AP,10000uM,?,Bicarbonate,Candida
22/03/2013,2,3,HV1,293B,20uM,?,Bicarbonate,Candida
22/03/2013,2,4,HV1,8BADPR,?,?,Bicarbonate,Candida
22/03/2013,2,5,HV1,ACA,?,?,Bicarbonate,Candida
22/03/2013,2,6,HV1,ACA+293B,?,?,Bicarbonate,Candida
22/03/2013,2,7,HV1,8BADPR+293B,?,?,Bicarbonate,Candida
22/03/2013,2,8,HV1,ACA+293B+IAA94,20uM+20uM+50uM,?,Bicarbonate,Candida
25/03/2013,3,1,HV1,control,NA,?,Bicarbonate,Candida
25/03/2013,3,2,HV1,zinc,100uM,?,Bicarbonate,Candida
25/03/2013,3,3,HV1,zinc,300uM,?,Bicarbonate,Candida
25/03/2013,3,4,HV1,zinc,1000uM,?,Bicarbonate,Candida
25/03/2013,3,5,HV1,zinc,10000uM,?,Bicarbonate,Candida
25/03/2013,3,6,HV1,maurotoxin,?,?,Bicarbonate,Candida
25/03/2013,3,7,HV1,quinidine,?,?,Bicarbonate,Candida
25/03/2013,3,8,HV1,valinomycin,2uM,?,Bicarbonate,Candida
25/03/2013,4,1,WT,control,NA,?,Bicarbonate,Candida
25/03/2013,4,2,WT,zinc,?,?,Bicarbonate,Candida
25/03/2013,4,3,WT,zinc,?,?,Bicarbonate,Candida
25/03/2013,4,4,WT,zinc,?,?,Bicarbonate,Candida
25/03/2013,4,5,WT,zinc,10000uM,?,Bicarbonate,Candida
25/03/2013,4,6,WT,maurotoxin,?,?,Bicarbonate,Candida
25/03/2013,4,7,WT,quinidine,?,?,Bicarbonate,Candida
25/03/2013,4,8,WT,valinomycin,2uM,?,Bicarbonate,Candida
05/04/2013,5,1,HV1,quinidine,30uM,?,Bicarbonate,Candida
05/04/2013,5,2,HV1,quinidine,100uM,?,Bicarbonate,Candida
05/04/2013,5,3,HV1,quinidine,300uM,?,Bicarbonate,Candida
05/04/2013,5,4,HV1,quinidine,1000uM,?,Bicarbonate,Candida
05/04/2013,5,5,HV1,quinidine+DIDS,100uM+1mM,?,Bicarbonate,Candida
05/04/2013,5,6,HV1,Lq2,0.02uM,?,Bicarbonate,Candida
05/04/2013,5,7,HV1,Lq2,0.02uM,?,Bicarbonate,Candida
05/04/2013,5,8,HV1,control,NA,?,Bicarbonate,Candida
09/04/2013,6,1,HV1,quinidine,0.1uM,?,Bicarbonate,Candida
09/04/2013,6,2,HV1,quinidine,1uM,?,Bicarbonate,Candida
09/04/2013,6,3,HV1,quinidine,10uM,?,Bicarbonate,Candida
09/04/2013,6,4,HV1,quinidine,30uM,?,Bicarbonate,Candida
09/04/2013,6,5,HV1,quinidine,100uM,?,Bicarbonate,Candida
09/04/2013,6,6,HV1,bafilomycin,1uM,?,Bicarbonate,Candida
09/04/2013,6,7,HV1,quinidine+bafilomycin,100uM+1uM,?,Bicarbonate,Candida
09/04/2013,6,8,HV1,control,NA,?,Bicarbonate,Candida
09/04/2013,7,9,HV1,quinidine+DIDS,100uM+10uM,?,Bicarbonate,Candida
09/04/2013,7,10,HV1,quinidine+DIDS,100uM+30uM,?,Bicarbonate,Candida
09/04/2013,7,11,HV1,quinidine+DIDS,100uM+100uM,?,Bicarbonate,Candida
09/04/2013,7,12,HV1,quinidine+DIDS,100uM+300uM,?,Bicarbonate,Candida
09/04/2013,7,13,HV1,quinidine+DIDS,100uM+1mM,?,Bicarbonate,Candida
09/04/2013,7,14,HV1,quinidine+DIDS+bafilomycin,100uM+1mM+1uM,?,Bicarbonate,Candida
09/04/2013,7,15,HV1,DIDS,1000uM,?,Bicarbonate,Candida
09/04/2013,7,16,HV1,control,NA,?,Bicarbonate,Candida
10/04/2013,8,1,WT,control,NA,?,Bicarbonate,Candida
10/04/2013,8,2,WT,zinc,100uM,?,Bicarbonate,Candida
10/04/2013,8,3,TRPM2,control,NA,?,Bicarbonate,Candida
10/04/2013,8,4,TRPM2,zinc,100uM,?,Bicarbonate,Candida
10/04/2013,8,5,TRPM2,zinc,100uM,?,Bicarbonate,Candida
10/04/2013,8,6,KCNQ1,control,NA,?,Bicarbonate,Candida
10/04/2013,8,7,KCNQ1,zinc,100uM,?,Bicarbonate,Candida
10/04/2013,8,8,KCNQ1,zinc,100uM,?,Bicarbonate,Candida
12/04/2013,9,1,WT,control,NA,?,Duchen_no_phosphate,Candida
12/04/2013,9,2,WT,zinc,100uM,?,Duchen_no_phosphate,Candida
12/04/2013,9,3,TRPM2,control,NA,?,Duchen_no_phosphate,Candida
12/04/2013,9,4,TRPM2,zinc,100uM,?,Duchen_no_phosphate,Candida
12/04/2013,9,5,TRPM2,zinc,100uM,?,Duchen_no_phosphate,Candida
12/04/2013,9,6,KCNQ1,control,NA,?,Duchen_no_phosphate,Candida
12/04/2013,9,7,KCNQ1,zinc,100uM,?,Duchen_no_phosphate,Candida
12/04/2013,9,8,KCNQ1,zinc,100uM,?,Duchen_no_phosphate,Candida
12/04/2013,10,9,WT,control,NA,?,Bicarbonate_no_phosphate,Candida
12/04/2013,10,10,WT,zinc,100uM,?,Bicarbonate_no_phosphate,Candida
12/04/2013,10,11,TRPM2,control,NA,?,Bicarbonate_no_phosphate,Candida
12/04/2013,10,12,TRPM2,zinc,100uM,?,Bicarbonate_no_phosphate,Candida
12/04/2013,10,13,TRPM2,zinc,100uM,?,Bicarbonate_no_phosphate,Candida
12/04/2013,10,14,KCNQ1,control,NA,?,Bicarbonate_no_phosphate,Candida
12/04/2013,10,15,KCNQ1,zinc,100uM,?,Bicarbonate_no_phosphate,Candida
12/04/2013,10,16,KCNQ1,zinc,100uM,?,Bicarbonate_no_phosphate,Candida
19/04/2013,11,1,WT,control,NA,?,Duchen_no_phosphate,Candida
19/04/2013,11,2,WT,zinc,300uM,?,Duchen_no_phosphate,Candida
19/04/2013,11,3,WT,zinc,1000uM,?,Duchen_no_phosphate,Candida
19/04/2013,11,4,KCNQ1,control,NA,?,Duchen_no_phosphate,Candida
19/04/2013,11,5,KCNQ1,zinc,300uM,?,Duchen_no_phosphate,Candida
19/04/2013,11,6,KCNQ1,zinc,1000uM,?,Duchen_no_phosphate,Candida
19/04/2013,11,7,TRPM2,control,NA,?,Duchen_no_phosphate,Candida
19/04/2013,11,8,TRPM2,zinc,1000uM,?,Duchen_no_phosphate,Candida
22/04/2013,12,1,Human,control,NA,?,Duchen_no_phosphate,Candida
22/04/2013,12,2,Human,zinc,100uM,?,Duchen_no_phosphate,Candida
22/04/2013,12,3,Human,zinc+quinidine,100uM+100uM,?,Duchen_no_phosphate,Candida
22/04/2013,12,4,Human,quinidine,100uM,?,Duchen_no_phosphate,Candida
22/04/2013,12,5,Human,zinc+quinidine+DIDS,100uM+100uM+300uM,?,Duchen_no_phosphate,Candida
22/04/2013,12,6,Human,zinc+quinidine+DIDS,100uM+100uM+100uM,?,Duchen_no_phosphate,Candida
22/04/2013,12,7,Human,zinc+quinidine+DIDS,100uM+100uM+30uM,?,Duchen_no_phosphate,Candida
22/04/2013,12,8,Human,zinc+quinidine+CFTRi,100uM+100uM+2uM,?,Duchen_no_phosphate,Candida
23/04/2013,13,1,HV1,control,NA,?,Bicarbonate,Candida
23/04/2013,13,2,HV1,quinidine,0.3uM,?,Bicarbonate,Candida
23/04/2013,13,3,HV1,quinidine,1uM,?,Bicarbonate,Candida
23/04/2013,13,4,HV1,quinidine,3uM,?,Bicarbonate,Candida
23/04/2013,13,5,HV1,quinidine,10uM,?,Bicarbonate,Candida
23/04/2013,13,6,HV1,quinidine,30uM,?,Bicarbonate,Candida
23/04/2013,13,7,HV1,quinidine,100uM,?,Bicarbonate,Candida
23/04/2013,13,8,HV1,quinidine,300uM,?,Bicarbonate,Candida
23/04/2013_2,14,9,HV1,control,NA,?,Bicarbonate,Candida
23/04/2013_2,14,10,HV1,anandamide,3uM,?,Bicarbonate,Candida
23/04/2013_2,14,11,HV1,anandamide,10uM,?,Bicarbonate,Candida
23/04/2013_2,14,12,HV1,lidocaine,300uM,?,Bicarbonate,Candida
23/04/2013_2,14,13,HV1,lidocaine,1000uM,?,Bicarbonate,Candida
23/04/2013_2,14,14,HV1,clofilium,3uM,?,Bicarbonate,Candida
23/04/2013_2,14,15,HV1,clofilium,10uM,?,Bicarbonate,Candida
23/04/2013_2,14,16,HV1,clofilium,30uM,?,Bicarbonate,Candida
25/04/2013,15,1,Human,control,NA,?,Bicarbonate,Candida
25/04/2013,15,2,Human,valinomycin,4uM,?,Bicarbonate,Candida
25/04/2013,15,3,Human,gramicidin,5uM,?,Bicarbonate,Candida
25/04/2013,15,4,Human,oubain,10uM,?,Bicarbonate,Candida
25/04/2013,15,5,Human,control,NA,?,Bicarbonate,Candida
25/04/2013,15,6,Human,valinomycin,4uM,?,Bicarbonate,Candida
25/04/2013,15,7,Human,gramicidin,5uM,?,Bicarbonate,Candida
25/04/2013,15,8,Human,oubain,10uM,?,Bicarbonate,Candida
13/05/2013,16,1,HV1,control,NA,?,Bicarbonate,Candida
13/05/2013,16,2,HV1,DOIA,50uM,?,Bicarbonate,Candida
13/05/2013,16,3,HV1,NPPB,100uM,?,Bicarbonate,Candida
13/05/2013,16,4,HV1,WW781,10uM,?,Bicarbonate,Candida
13/05/2013,16,5,HV1,control,NA,?,Bicarbonate,Candida
13/05/2013,16,6,HV1,DOIA,50uM,?,Bicarbonate,Candida
13/05/2013,16,7,HV1,fluflenamic_acid,200uM,?,Bicarbonate,Candida
13/05/2013,16,8,HV1,tamoxifen,10uM,?,Bicarbonate,Candida
04/06/2013,17,1,Human,control,NA,?,Bicarbonate,Candida
04/06/2013,17,2,Human,DOIA,5uM,?,Bicarbonate,Candida
04/06/2013,17,3,Human,DOIA,30uM,?,Bicarbonate,Candida
04/06/2013,17,4,Human,DOIA,100uM,?,Bicarbonate,Candida
04/06/2013,17,5,Human,control,NA,?,Bicarbonate,Candida
04/06/2013,17,6,Human,DOIA,5uM,?,Bicarbonate,Candida
04/06/2013,17,7,Human,DOIA,30uM,?,Bicarbonate,Candida
04/06/2013,17,8,Human,DOIA,100uM,?,Bicarbonate,Candida
05/06/2013,18,1,WT,control,NA,?,Bicarbonate,Candida
05/06/2013,18,2,WT,DOIA,5uM,?,Bicarbonate,Candida
05/06/2013,18,3,WT,DOIA,30uM,?,Bicarbonate,Candida
05/06/2013,18,4,WT,DOIA,100uM,?,Bicarbonate,Candida
05/06/2013,18,5,HV1,control,NA,?,Bicarbonate,Candida
05/06/2013,18,6,HV1,DOIA,5uM,?,Bicarbonate,Candida
05/06/2013,18,7,HV1,DOIA,30uM,?,Bicarbonate,Candida
05/06/2013,18,8,HV1,DOIA,100uM,?,Bicarbonate,Candida
19/06/2013,19,1,WT,control,NA,?,Bicarbonate,Candida
19/06/2013,19,2,WT,control,NA,?,Bicarbonate,Candida
19/06/2013,19,3,WT,zinc,300uM,?,Bicarbonate,Candida
19/06/2013,19,4,WT,zinc,300uM,?,Bicarbonate,Candida
19/06/2013,19,5,KCNE3,control,NA,?,Bicarbonate,Candida
19/06/2013,19,6,KCNE3,control,NA,?,Bicarbonate,Candida
19/06/2013,19,7,KCNE3,zinc,300uM,?,Bicarbonate,Candida
19/06/2013,19,8,KCNE3,zinc,300uM,?,Bicarbonate,Candida
21/06/2013,20,1,TRPM2,control,NA,?,Bicarbonate,Candida
21/06/2013,20,2,TRPM2,zinc,300uM,?,Bicarbonate,Candida
21/06/2013,20,3,HV1,control,NA,?,Bicarbonate,Candida
21/06/2013,20,4,HV1,zinc,300uM,?,Bicarbonate,Candida
21/06/2013,20,5,KCNE3,control,NA,?,Bicarbonate,Candida
21/06/2013,20,6,KCNE3,zinc,300uM,?,Bicarbonate,Candida
26/06/2013,21,1,HV1,control,NA,?,Bicarbonate,Candida
26/06/2013,21,2,HV1,control,NA,?,Bicarbonate,Candida
26/06/2013,21,3,HV1,amiloride,1000uM,?,Bicarbonate,Candida
26/06/2013,21,4,HV1,amiloride,1000uM,?,Bicarbonate,Candida
15/07/2013,22,1,KCC3,control,NA,?,Bicarbonate,Candida
15/07/2013,22,2,KCC3,control,NA,?,Bicarbonate,Candida
15/07/2013,22,3,KCC3,zinc,100uM,?,Bicarbonate,Candida
15/07/2013,22,4,KCC3,zinc,300uM,?,Bicarbonate,Candida
15/07/2013,22,5,WT,control,NA,?,Bicarbonate,Candida
15/07/2013,22,6,WT,control,NA,?,Bicarbonate,Candida
15/07/2013,22,7,WT,zinc,100uM,?,Bicarbonate,Candida
15/07/2013,22,8,WT,zinc,300uM,?,Bicarbonate,Candida
02/08/2013,23,1,KCC3,control,NA,?,Bicarbonate,Candida
02/08/2013,23,2,KCC3,control,NA,?,Bicarbonate,Candida
02/08/2013,23,3,KCC3,zinc,100uM,?,Bicarbonate,Candida
02/08/2013,23,4,KCC3,zinc,300uM,?,Bicarbonate,Candida
02/08/2013,23,5,WT,control,NA,?,Bicarbonate,Candida
02/08/2013,23,6,WT,control,NA,?,Bicarbonate,Candida
02/08/2013,23,7,WT,zinc,100uM,?,Bicarbonate,Candida
02/08/2013,23,8,WT,zinc,300uM,?,Bicarbonate,Candida
13/08/2013,24,1,HV1,DIDS,10uM,?,Duchen,Candida
13/08/2013,24,2,HV1,DIDS,30uM,?,Duchen,Candida
13/08/2013,24,3,HV1,DIDS,100uM,?,Duchen,Candida
13/08/2013,24,4,HV1,DIDS,300uM,?,Duchen,Candida
13/08/2013,24,5,HV1,control,NA,?,Duchen,Candida
13/08/2013,24,6,HV1,clofilium,30uM,?,Duchen,Candida
13/08/2013,24,7,HV1,clofilium,100uM,?,Duchen,Candida
13/08/2013,24,8,HV1,clofilium,300uM,?,Duchen,Candida
13/08/2013,25,9,HV1,control,NA,?,Duchen,Candida
13/08/2013,25,10,HV1,NPPB,30uM,?,Duchen,Candida
13/08/2013,25,11,HV1,NPPB,100uM,?,Duchen,Candida
13/08/2013,25,12,HV1,NPPB,300uM,?,Duchen,Candida
13/08/2013,25,13,HV1,fluflenamic_acid,10uM,?,Duchen,Candida
13/08/2013,25,14,HV1,fluflenamic_acid,30uM,?,Duchen,Candida
13/08/2013,25,15,HV1,fluflenamic_acid,100uM,?,Duchen,Candida
13/08/2013,25,16,HV1,fluflenamic_acid,300uM,?,Duchen,Candida
13/08/2013,26,17,WT,DIDS,10uM,?,Duchen,Candida
13/08/2013,26,18,WT,DIDS,30uM,?,Duchen,Candida
13/08/2013,26,19,WT,DIDS,100uM,?,Duchen,Candida
13/08/2013,26,20,WT,DIDS,300uM,?,Duchen,Candida
13/08/2013,26,21,WT,control,NA,?,Duchen,Candida
13/08/2013,26,22,WT,clofilium,30uM,?,Duchen,Candida
13/08/2013,26,23,WT,clofilium,100uM,?,Duchen,Candida
13/08/2013,26,24,WT,clofilium,300uM,?,Duchen,Candida
13/08/2013,27,25,WT,control,NA,?,Duchen,Candida
13/08/2013,27,26,WT,NPPB,30uM,?,Duchen,Candida
13/08/2013,27,27,WT,NPPB,100uM,?,Duchen,Candida
13/08/2013,27,28,WT,NPPB,300uM,?,Duchen,Candida
13/08/2013,27,29,WT,fluflenamic_acid,10uM,?,Duchen,Candida
13/08/2013,27,30,WT,fluflenamic_acid,30uM,?,Duchen,Candida
13/08/2013,27,31,WT,fluflenamic_acid,100uM,?,Duchen,Candida
13/08/2013,27,32,WT,fluflenamic_acid,300uM,?,Duchen,Candida
14/08/2013,28,1,WT,control,NA,?,Duchen,Candida
14/08/2013,28,2,KCNQ1,control,NA,?,Duchen,Candida
14/08/2013,28,3,TRPM2_KCNQ1,control,NA,?,Duchen,Candida
14/08/2013,28,4,HV1_KCNQ1,control,NA,?,Duchen,Candida
14/08/2013,28,5,HV1,control,NA,?,Duchen,Candida
14/08/2013,28,6,KCNE3,control,NA,?,Duchen,Candida
14/08/2013,28,7,HV1_TRPM2,control,NA,?,Duchen,Candida
14/08/2013,28,8,TRPM2,control,NA,?,Duchen,Candida
14/08/2013,29,9,WT,zinc,300uM,?,Duchen,Candida
14/08/2013,29,10,KCNQ1,zinc,300uM,?,Duchen,Candida
14/08/2013,29,11,TRPM2_KCNQ1,zinc,300uM,?,Duchen,Candida
14/08/2013,29,12,HV1_KCNQ1,zinc,300uM,?,Duchen,Candida
14/08/2013,29,13,HV1,zinc,300uM,?,Duchen,Candida
14/08/2013,29,14,KCNE3,zinc,300uM,?,Duchen,Candida
14/08/2013,29,15,HV1_TRPM2,zinc,300uM,?,Duchen,Candida
14/08/2013,29,16,TRPM2,zinc,300uM,?,Duchen,Candida
20/08/2013,30,1,WT,control,NA,?,Duchen,Candida
20/08/2013,30,2,WT,DOIA,50uM,?,Duchen,Candida
20/08/2013,30,3,WT,tamoxifen,100uM,?,Duchen,Candida
20/08/2013,30,4,WT,tamoxifen,30uM,?,Duchen,Candida
20/08/2013,30,5,WT,phloretin,200uM,?,Duchen,Candida
20/08/2013,30,6,WT,CFTR-172,10uM,?,Duchen,Candida
20/08/2013,30,7,WT,CFTR-172,30uM,?,Duchen,Candida
20/08/2013,30,8,WT,furosemide,1000uM,?,Duchen,Candida
20/08/2013,31,9,HV1,control,NA,?,Duchen,Candida
20/08/2013,31,10,HV1,DOIA,50uM,?,Duchen,Candida
20/08/2013,31,11,HV1,tamoxifen,100uM,?,Duchen,Candida
20/08/2013,31,12,HV1,tamoxifen,30uM,?,Duchen,Candida
20/08/2013,31,13,HV1,phloretin,200uM,?,Duchen,Candida
20/08/2013,31,14,HV1,CFTR-172,10uM,?,Duchen,Candida
20/08/2013,31,15,HV1,CFTR-172,30uM,?,Duchen,Candida
20/08/2013,31,16,HV1,furosemide,1000uM,?,Duchen,Candida
27/08/2013,32,1,HV1,control,NA,?,Duchen,Candida
27/08/2013,32,2,HV1,anandamide,3uM,?,Duchen,Candida
27/08/2013,32,3,HV1,CFTR-172,1uM,?,Duchen,Candida
27/08/2013,32,4,HV1,CFTR-172,5uM,?,Duchen,Candida
27/08/2013,32,5,HV1,DOIA,50uM,?,Duchen,Candida
27/08/2013,32,6,HV1,NPPB,100uM,?,Duchen,Candida
27/08/2013,32,7,HV1,phloretin,30uM,?,Duchen,Candida
27/08/2013,32,8,HV1,phloretin,100uM,?,Duchen,Candida
27/08/2013,33,9,WT,control,NA,?,Duchen,Candida
27/08/2013,33,10,WT,anandamide,3uM,?,Duchen,Candida
27/08/2013,33,11,WT,CFTR-172,1uM,?,Duchen,Candida
27/08/2013,33,12,WT,CFTR-172,5uM,?,Duchen,Candida
27/08/2013,33,13,WT,DOIA,50uM,?,Duchen,Candida
27/08/2013,33,14,WT,NPPB,100uM,?,Duchen,Candida
27/08/2013,33,15,WT,phloretin,30uM,?,Duchen,Candida
27/08/2013,33,16,WT,phloretin,100uM,?,Duchen,Candida
11/09/2013,34,1,WT,control,NA,?,Duchen,Candida
11/09/2013,34,2,KCNJ15,control,NA,?,Duchen,Candida
16/09/2013,35,1,HV1,control,NA,Blood,Duchen,Latex
16/09/2013,35,2,HV1,DPI,5uM,Blood,Duchen,Latex
16/09/2013,35,5,HV1,control,NA,Blood,Duchen,Latex
16/09/2013,35,6,HV1,DPI,5uM,Blood,Duchen,Latex
16/09/2013,36,9,HV1,control,NA,?,Duchen,Candida
16/09/2013,36,10,HV1,NPPB,1uM,?,Duchen,Candida
16/09/2013,36,11,HV1,NPPB,3uM,?,Duchen,Candida
16/09/2013,36,12,HV1,NPPB,10uM,?,Duchen,Candida
16/09/2013,36,13,HV1,NPPB,30uM,?,Duchen,Candida
16/09/2013,36,14,HV1,NPPB,100uM,?,Duchen,Candida
16/09/2013,36,15,HV1,DPI,5uM,?,Duchen,Candida
16/09/2013,36,16,HV1,Barium,100uM,?,Duchen,Candida
23/09/2013,37,1,KCC3,control,NA,Blood,Duchen,Candida
23/09/2013,37,2,KCC3,control,NA,BM,Duchen,Candida
23/09/2013,37,3,WT,control,NA,Blood,Duchen,Candida
23/09/2013,37,4,WT,control,NA,BM,Duchen,Candida
24/09/2013,64,1,HV1,control,NA,Blood,Duchen,Candida
24/09/2013,64,2,HV1,CCCP,60uM,Blood,Duchen,Candida
24/09/2013,64,3,HV1,valinomycin,3uM,Blood,Duchen,Candida
24/09/2013,64,4,HV1,control,NA,Blood,Duchen,Latex
24/09/2013,64,5,HV1,CCCP,60uM,Blood,Duchen,Latex
24/09/2013,64,6,HV1,valinomycin,3uM,Blood,Duchen,Latex
25/09/2013,38,1,HV1,control,NA,Blood,Duchen,Latex
25/09/2013,38,2,HV1,CCCP,60uM,Blood,Duchen,Latex
25/09/2013,38,3,HV1,valinomycin,3uM,Blood,Duchen,Latex
25/09/2013,38,4,HV1,DPI,5uM,Blood,Duchen,Latex
25/09/2013,38,5,HV1,control,NA,?,Duchen,Candida
25/09/2013,38,6,HV1,CCCP,60uM,?,Duchen,Candida
25/09/2013,38,7,HV1,valinomycin,3uM,?,Duchen,Candida
25/09/2013,38,8,HV1,DPI,5uM,?,Duchen,Candida
30/09/2013,39,1,HV1,control,NA,Blood,Duchen,Candida
30/09/2013,39,2,HV1,ACA,20uM,Blood,Duchen,Candida
30/09/2013,39,3,HV1,4AP,1000uM,Blood,Duchen,Candida
30/09/2013,39,4,HV1,quinidine,300uM,Blood,Duchen,Candida
30/09/2013,39,5,HV1,control,NA,Blood,Duchen,Candida
30/09/2013,39,6,HV1,phloretin,100uM,Blood,Duchen,Candida
30/09/2013,39,7,HV1,fluflenamic_acid,300uM,Blood,Duchen,Candida
30/09/2013,39,8,HV1,zinc,300uM,Blood,Duchen,Candida
30/09/2013,40,9,HV1,control,NA,BM,Duchen,Candida
30/09/2013,40,10,HV1,ACA,20uM,BM,Duchen,Candida
30/09/2013,40,11,HV1,4AP,1000uM,BM,Duchen,Candida
30/09/2013,40,12,HV1,quinidine,300uM,BM,Duchen,Candida
30/09/2013,40,13,HV1,control,NA,BM,Duchen,Candida
30/09/2013,40,14,HV1,phloretin,100uM,BM,Duchen,Candida
30/09/2013,40,15,HV1,fluflenamic_acid,300uM,BM,Duchen,Candida
30/09/2013,40,16,HV1,zinc,300uM,BM,Duchen,Candida
02/10/2013,41,1,CLCN3,control,NA,BM,Duchen,Candida
02/10/2013,41,2,WT,control,NA,BM,Duchen,Candida
02/10/2013,41,5,CLCN3,control,NA,Blood,Duchen,Candida
02/10/2013,41,6,WT,control,NA,Blood,Duchen,Candida
07/10/2013,42,1,CLCN3,control,NA,Blood,Duchen,Candida
07/10/2013,42,2,CLCN3,zinc,100uM,Blood,Duchen,Candida
07/10/2013,42,3,CLCN3,control,NA,BM,Duchen,Candida
07/10/2013,42,4,CLCN3,zinc,100uM,BM,Duchen,Candida
07/10/2013,42,5,WT,control,NA,Blood,Duchen,Candida
07/10/2013,42,6,WT,zinc,100uM,Blood,Duchen,Candida
07/10/2013,42,7,WT,control,NA,BM,Duchen,Candida
07/10/2013,42,8,WT,zinc,100uM,BM,Duchen,Candida
08/10/2013,43,1,WT,control,NA,Blood,Duchen,Candida
08/10/2013,43,2,WT,CCCP,60uM,Blood,Duchen,Candida
08/10/2013,43,3,WT,valinomycin,3uM,Blood,Duchen,Candida
08/10/2013,43,4,HV1,control,NA,BM,Duchen,Candida
08/10/2013,43,5,HV1,control,NA,Blood,Duchen,Candida
08/10/2013,43,6,HV1,CCCP,60uM,Blood,Duchen,Candida
08/10/2013,43,7,HV1,valinomycin,3uM,Blood,Duchen,Candida
08/10/2013,43,8,HV1,control,NA,BM,Duchen,Formaldehyde_Candida
08/10/2013,44,1,WT,control,NA,BM,Duchen,Candida
08/10/2013,44,2,WT,CCCP,60uM,BM,Duchen,Candida
08/10/2013,44,3,WT,valinomycin,3uM,BM,Duchen,Candida
08/10/2013,44,4,HV1,control,NA,BM,Duchen,Candida
08/10/2013,44,5,HV1,control,NA,BM,Duchen,Candida
08/10/2013,44,6,HV1,CCCP,60uM,BM,Duchen,Candida
08/10/2013,44,7,HV1,valinomycin,3uM,BM,Duchen,Candida
08/10/2013,44,8,HV1,protease_inhibitors,NA,BM,Duchen,Candida
10/10/2013,45,1,HV1,control,NA,BM,Duchen,Candida
10/10/2013,45,2,HV1,BAPTA,5uM,BM,Duchen,Candida
10/10/2013,45,3,HV1,CCCP,20uM,BM,Duchen,Candida
10/10/2013,45,4,HV1,CCCP,5uM,BM,Duchen,Candida
15/10/2013,46,1,HV1,control,NA,Blood,Duchen,Candida
15/10/2013,46,2,HV1,astemizole,1uM,Blood,Duchen,Candida
15/10/2013,46,3,HV1,dofetilide,1uM,Blood,Duchen,Candida
15/10/2013,46,4,HV1,E4031,1uM,Blood,Duchen,Candida
15/10/2013,46,5,HV1,terfenadine,1uM,Blood,Duchen,Candida
15/10/2013,46,6,HV1,PD118057,10uM,Blood,Duchen,Candida
15/10/2013,58,7,WT,control,NA,Blood,Duchen,Candida
15/10/2013,58,8,WT,astemizole,1uM,Blood,Duchen,Candida
15/10/2013,58,9,WT,dofetilide,1uM,Blood,Duchen,Candida
15/10/2013,58,10,WT,E4031,1uM,Blood,Duchen,Candida
15/10/2013,58,11,WT,terfenadine,1uM,Blood,Duchen,Candida
15/10/2013,58,12,WT,PD118057,10uM,Blood,Duchen,Candida
16/10/2013,47,1,HV1,control,NA,BM,Duchen,Candida
16/10/2013,47,2,HV1,Potassium_channel_inhibitors_mix_1,NA,BM,Duchen,Candida
16/10/2013,47,3,HV1,Potassium_channel_inhibitors_mix_2,NA,BM,Duchen,Candida
16/10/2013,47,4,HV1,Potassium_channel_inhibitors_mix_3,NA,BM,Duchen,Candida
16/10/2013,47,5,HV1,Potassium_channel_inhibitors_mix_4,NA,BM,Duchen,Candida
16/10/2013,47,6,HV1,Potassium_channel_inhibitors_mix_5,NA,BM,Duchen,Candida
16/10/2013,47,7,HV1,Potassium_channel_inhibitors_mix_6,NA,BM,Duchen,Candida
16/10/2013,47,8,HV1,Potassium_channel_inhibitors_mix_7,NA,BM,Duchen,Candida
22/10/2013,48,1,HV1,control,NA,BM,Duchen,Candida
22/10/2013,48,2,HV1,amiloride,1mM,BM,Duchen,Candida
22/10/2013,48,3,HV1,desipramine,10uM,BM,Duchen,Candida
22/10/2013,48,4,HV1,DMA,300uM,BM,Duchen,Candida
22/10/2013,48,5,HV1,KR32568,5uM,BM,Duchen,Candida
22/10/2013,48,6,HV1,IAA94,10uM,BM,Duchen,Candida
23/10/2013,49,1,HV1,DIFP+DMSF,100uM+1mM,mixed,Duchen,Candida
23/10/2013,49,2,HV1,leupeptin+TPCK,10uM+100uM,mixed,Duchen,Candida
23/10/2013,49,3,HV1,GdCl3,100uM,mixed,Duchen,Candida
23/10/2013,49,4,HV1,ruthidium_red,1uM,mixed,Duchen,Candida
23/10/2013,49,5,HV1,ruthidium_red,10uM,mixed,Duchen,Candida
23/10/2013,49,6,HV1,tetrodotoxin,1_in_1000,mixed,Duchen,Candida
23/10/2013,49,7,HV1,tetrodotoxin,1_in_200,mixed,Duchen,Candida
23/10/2013,49,8,HV1,control,NA,mixed,Duchen,Candida
23/10/2013,50,9,HV1,control ,NA,mixed,Na_free,Candida
23/10/2013,50,10,HV1,benzamil,10uM,mixed,Duchen,Candida
23/10/2013,50,11,HV1,benzamil,100uM,mixed,Duchen,Candida
23/10/2013,50,12,HV1,bumefamide,10uM,mixed,Duchen,Candida
23/10/2013,50,13,HV1,bumefamide,100uM,mixed,Duchen,Candida
23/10/2013,50,14,HV1,mexilatine,10uM,mixed,Duchen,Candida
23/10/2013,50,15,HV1,mexilatine,100uM,mixed,Duchen,Candida
23/10/2013,50,16,HV1,chloroform,800uM,mixed,Duchen,Candida
28/10/2013,51,1,Human,control,NA,blood,Duchen,Candida
28/10/2013,51,2,Human,bafilomycin,1uM,blood,Duchen,Candida
28/10/2013,51,3,Human,IAA94,10uM,blood,Duchen,Candida
28/10/2013,51,4,Human,bafilomycin+IAA94 ,1um+10uM,blood,Duchen,Candida
28/10/2013,52,5,Human,control,NA,blood,Duchen,Candida
28/10/2013,52,6,Human,DCPIB,20uM,blood,Duchen,Candida
28/10/2013,52,7,Human,NPPB,100uM,blood,Duchen,Candida
28/10/2013,52,8,Human,fluflenamic_acid,100uM,blood,Duchen,Candida
28/10/2013,52,9,Human,phloretin,100uM,blood,Duchen,Candida
28/10/2013,52,10,Human,tamoxifen,10uM,blood,Duchen,Candida
28/10/2013,52,11,Human,tamoxifen+IAA94,10uM,blood,Duchen,Candida
29/10/2013,53,1,NA,control,NA,NA,pH9,Candida
29/10/2013,53,2,NA,NaOCl,100uM,NA,pH9,Candida
29/10/2013,53,3,NA,NaOCl,1mM,NA,pH9,Candida
29/10/2013,53,4,NA,NaOCl,10mM,NA,pH9,Candida
29/10/2013,53,5,NA,NaOCl,100mM,NA,pH9,Candida
29/10/2013,54,6,NA,control,NA,NA,pH9,Candida
29/10/2013,54,7,NA,H2O2,1mM,NA,pH9,Candida
29/10/2013,54,8,NA,H2O2,10mM,NA,pH9,Candida
29/10/2013,54,9,NA,H2O2,100mM,NA,pH9,Candida
29/10/2013,54,10,NA,H2O2,1M,NA,pH9,Candida
29/10/2013,55,11,WT,control,NA,Blood,Duchen,Latex
29/10/2013,55,12,HV1,control,NA,Blood,Duchen,Latex
30/10/2013,56,1,HV1,control-blood,NA,blood,Duchen,Candida
30/10/2013,56,2,HV1,control-blood,NA,blood,Na_free,Candida
30/10/2013,56,3,HV1,control-blood,NA,blood,LiCl_Na_free,Candida
30/10/2013,56,4,HV1,BaCl2-blood,1mM,blood,Duchen,Candida
30/10/2013,56,5,HV1,control-BM,NA,BM,Duchen,Candida
30/10/2013,56,6,HV1,bupivacaine-BM,100uM,BM,Duchen,Candida
30/10/2013,56,7,HV1,clotrizamole-BM,20uM,BM,Duchen,Candida
30/10/2013,56,8,HV1,IAA94-BM,10uM,BM,Duchen,Candida
06/11/2013,57,1,WT,control,NA,Blood,Duchen,Latex
06/11/2013,57,2,WT,IAA94,2uM,Blood,Duchen,Latex
06/11/2013,57,3,HV1,control,NA,Blood,Duchen,Latex
06/11/2013,57,4,HV1,IAA94,2uM,Blood,Duchen,Latex
11/11/2013,59,1,HV1,control,NA,Blood,Duchen,Latex
11/11/2013,59,2,HV1,CCCP,50uM,Blood,Duchen,Latex
11/11/2013,59,3,HV1,valinomycin,3uM,Blood,Duchen,Latex
11/11/2013,59,4,HV1,IAA94,10uM,Blood,Duchen,Latex
11/11/2013,59,5,HV1,DPI,5uM,Blood,Duchen,Latex
11/11/2013,60,6,HV1,control,NA,BM,Duchen,Candida
11/11/2013,60,7,HV1,2APB,100uM,BM,Duchen,Candida
11/11/2013,60,8,HV1,ML204,100uM,BM,Duchen,Candida
11/11/2013,60,9,HV1,9-Phenanthrol,100uM,BM,Duchen,Candida
11/11/2013,60,10,HV1,SKF96365,100uM,BM,Duchen,Candida
12/11/2013,61,1,HV1,control,NA,Blood,Duchen,Latex
12/11/2013,61,2,HV1,CCCP,20uM,Blood,Duchen,Latex
12/11/2013,61,3,HV1,valinomycin,3uM,Blood,Duchen,Latex
12/11/2013,61,4,HV1,IAA94,10uM,Blood,Duchen,Latex
12/11/2013,61,5,HV1,quinidine,100uM,Blood,Duchen,Latex
12/11/2013,61,6,HV1,control,NA,BM,Duchen,Candida
12/11/2013,61,7,HV1,2APB,20uM,BM,Duchen,Candida
12/11/2013,61,8,HV1,ML204,20uM,BM,Duchen,Candida
12/11/2013,61,9,HV1,9-Phenanthrol,20uM,BM,Duchen,Candida
12/11/2013,61,10,HV1,SKF96365,20uM,BM,Duchen,Candida
04/11/2013,62,1,HV1,control,NA,BM,Duchen,Candida
04/11/2013,62,2,HV1,carvacrol,100uM,BM,Duchen,Candida
04/11/2013,62,3,HV1,carvacrol,1000uM,BM,Duchen,Candida
04/11/2013,62,4,HV1,NS8593,1uM,BM,Duchen,Candida
04/11/2013,62,5,HV1,NS8593,10uM,BM,Duchen,Candida
13/11/2013,63,1,HV1,control,NA,Blood,Duchen,Latex
13/11/2013,63,2,HV1,valinomycin,3uM,Blood,Duchen,Latex
13/11/2013,63,3,HV1,IAA94,10uM,Blood,Duchen,Latex
13/11/2013,63,4,HV1,CCCP,5uM,Blood,Duchen,Latex
13/11/2013,63,5,HV1,control,NA,BM,Duchen,Candida
13/11/2013,63,6,HV1,CyPPA,30uM,BM,Duchen,Candida
13/11/2013,63,7,HV1,SKA,30uM,BM,Duchen,Candida
13/11/2013,63,8,HV1,IAA94,10uM,BM,Duchen,Candida
19/11/2013,65,1,WT,control,NA,BM,Duchen,Candida
19/11/2013,65,2,WT,zinc,300uM,BM,Duchen,Candida
19/11/2013,65,3,KCC3,control,NA,BM,Duchen,Candida
19/11/2013,65,4,KCC3,zinc,300uM,BM,Duchen,Candida
19/11/2013,65,5,KCNJ15,control,NA,BM,Duchen,Candida
19/11/2013,65,6,KCNJ15,zinc,300uM,BM,Duchen,Candida
19/11/2013,66,7,WT,control,NA,Blood,Duchen,Candida
19/11/2013,66,8,WT,zinc,300uM,Blood,Duchen,Candida
19/11/2013,66,9,KCC3,control,NA,Blood,Duchen,Candida
19/11/2013,66,10,KCC3,zinc,300uM,Blood,Duchen,Candida
19/11/2013,66,11,KCNJ15,control,NA,Blood,Duchen,Candida
19/11/2013,66,12,KCNJ15,zinc,300uM,Blood,Duchen,Candida
18/11/2013,67,1,HV1,control,NA,mixed,Duchen,Candida
18/11/2013,67,2,HV1,2APB,40uM,mixed,Duchen,Candida
18/11/2013,67,3,HV1,2APB,60uM,mixed,Duchen,Candida
18/11/2013,67,4,HV1,2APB,80uM,mixed,Duchen,Candida
18/11/2013,67,5,HV1,SKF96365,40uM,mixed,Duchen,Candida
18/11/2013,67,6,HV1,SKF96365,60uM,mixed,Duchen,Candida
18/11/2013,67,7,HV1,SKF96365,80uM,mixed,Duchen,Candida
20/11/2013,68,1,HV1,control,NA,mixed,Duchen,Candida
20/11/2013,68,2,HV1,IAA94,NA,mixed,Duchen,Candida
20/11/2013,68,3,HV1,IAA94+DPI,NA,mixed,Duchen,Candida
20/11/2013,68,4,HV1,bafilomycin,NA,mixed,Duchen,Candida
20/11/2013,68,5,HV1,bafilomycin+DPI,NA,mixed,Duchen,Candida
20/11/2013,68,6,HV1,sodium_azide,NA,mixed,Duchen,Candida
20/11/2013,68,7,HV1,quinidine,NA,mixed,Duchen,Candida
20/11/2013,68,8,HV1,quinidine+IAA94,NA,mixed,Duchen,Candida
22/11/2013,69,1,Human,quinidine,100uM,Blood,Duchen_no_phosphate,Candida
22/11/2013,69,2,Human,quinidine+zinc,100uM+300uM,Blood,Duchen_no_phosphate,Candida
22/11/2013,69,3,Human,quinidine+zinc+IAA94,100uM+300uM+10uM,Blood,Duchen_no_phosphate,Candida
22/11/2013,69,4,Human,qunidine+zinc+tamoxifen,100uM+300uM+10uM,Blood,Duchen_no_phosphate,Candida
22/11/2013,69,5,Human,control,NA,Blood,Duchen_no_phosphate,Candida
22/11/2013,69,6,Human,tamoxifen,3uM,Blood,Duchen_no_phosphate,Candida
22/11/2013,69,7,Human,tamoxifen,10uM,Blood,Duchen_no_phosphate,Candida
22/11/2013,69,8,Human,tamoxifen,30uM,Blood,Duchen_no_phosphate,Candida
22/11/2013,70,9,Human,NPPB,100uM,Blood,Duchen_no_phosphate,Candida
22/11/2013,70,10,Human,NPPB+zinc,100uM+300uM,Blood,Duchen_no_phosphate,Candida
22/11/2013,70,11,Human,NPPB+zinc+IAA94,100uM+300uM+10uM,Blood,Duchen_no_phosphate,Candida
22/11/2013,70,12,Human,NPPB+zinc+tamoxifen,100uM+300uM+10uM,Blood,Duchen_no_phosphate,Candida
22/11/2013,70,13,Human,control,NA,Blood,Duchen_no_phosphate,Candida
22/11/2013,70,14,Human,DIDS,1uM,Blood,Duchen_no_phosphate,Candida
22/11/2013,70,15,Human,DIDS,3uM,Blood,Duchen_no_phosphate,Candida
22/11/2013,70,16,Human,DIDS,10uM,Blood,Duchen_no_phosphate,Candida
27/11/2013,71,1,Human,control,NA,Blood,Duchen,Candida
27/11/2013,71,2,Human,control,NA,Blood,Duchen,Candida
27/11/2013,71,3,Human,sodium_azide,5000uM,Blood,Duchen,Candida
27/11/2013,71,4,Human,sodium_azide,5000uM,Blood,Duchen,Candida
03/12/2013,72,1,Human,control,NA,Blood,Duchen,Candida
03/12/2013,72,2,Human,sodium_azide,5000uM,Blood,Duchen,Candida
03/12/2013,72,3,Human,4ABH,250uM,Blood,Duchen,Candida
03/12/2013,72,4,Human,4ABH,50uM,Blood,Duchen,Candida
03/12/2013,72,5,Human,control,NA,Blood,Duchen,Candida
03/12/2013,72,6,Human,sodium_azide,5000uM,Blood,Duchen,Candida
03/12/2013,72,7,Human,4ABH,250uM,Blood,Duchen,Candida
03/12/2013,72,8,Human,4ABH,50uM,Blood,Duchen,Candida
04/12/2013,73,1,Human,DPI,5uM,Blood,Duchen,Candida
04/12/2013,73,2,Human,fluflenamic_acid,30uM,Blood,Duchen,Candida
04/12/2013,73,3,Human,phloretin,10uM,Blood,Duchen,Candida
04/12/2013,73,4,Human,phloretin,100uM,Blood,Duchen,Candida
04/12/2013,73,5,Human,control,NA,Blood,Duchen,Candida
04/12/2013,73,6,Human,fluflenamic_acid,10uM,Blood,Duchen,Candida
04/12/2013,73,7,Human,fluflenamic_acid,100uM,Blood,Duchen,Candida
04/12/2013,73,8,Human,phloretin,30uM,Blood,Duchen,Candida
04/12/2013,73,9,Human,NPPB,10uM,Blood,Duchen,Candida
04/12/2013,73,10,Human,NPPB,100uM,Blood,Duchen,Candida
04/12/2013,73,11,Human,ACA,10uM,Blood,Duchen,Candida
04/12/2013,73,12,Human,ACA,100uM,Blood,Duchen,Candida
04/12/2013,73,13,Human,control,NA,Blood,Duchen,Candida
04/12/2013,73,14,Human,NPPB,30uM,Blood,Duchen,Candida
04/12/2013,73,15,Human,4ABH,125uM,Blood,Duchen,Candida
04/12/2013,73,16,Human,ACA,30uM,Blood,Duchen,Candida
09/12/2013,74,1,Human,control,NA,Blood,Duchen,Candida
09/12/2013,74,2,Human,4ABH,125uM,Blood,Duchen,Candida
09/12/2013,74,3,Human,9-Phenanthrol,100uM,Blood,Duchen,Candida
09/12/2013,74,4,Human,PK11195,10uM,Blood,Duchen,Candida
09/12/2013,74,5,Human,desipramine,100uM,Blood,Duchen,Candida
09/12/2013,74,6,Human,bafilomycin,1uM,Blood,Duchen,Candida
09/12/2013,74,7,Human,DPI,5uM,Blood,Duchen,Candida
09/12/2013,74,8,Human,bafiloymcin+DPI,1uM+5uM,Blood,Duchen,Candida
08/01/2014,75,1,KCC3_KO,control,NA,BM,Duchen,Candida
08/01/2014,75,2,CLCN3_WT,control,NA,BM,Duchen,Candida
08/01/2014,75,3,CLCN3_KO,control,NA,BM,Duchen,Candida
08/01/2014,75,4,KCC3_WT,control,NA,BM,Duchen,Candida
08/01/2014,75,5,KCC3_KO,zinc,300uM,BM,Duchen,Candida
08/01/2014,75,6,CLCN3_WT,zinc,300uM,BM,Duchen,Candida
08/01/2014,75,7,CLCN3_KO,zinc,300uM,BM,Duchen,Candida
08/01/2014,75,8,KCC3_WT,zinc,300uM,BM,Duchen,Candida
17/01/2014,76,1,Human,4ABH,50uM,Blood,Duchen,Candida
17/01/2014,76,2,Human,4ABH,x,Blood,Duchen,Candida
17/01/2014,76,3,Human,4ABH,x,Blood,Duchen,Candida
17/01/2014,76,4,Human,4ABH,x,Blood,Duchen,Candida
17/01/2014,76,5,Human,control,NA,Blood,Duchen,Candida
17/01/2014,76,6,Human,DPI,5uM,Blood,Duchen,Candida
17/01/2014,76,7,Human,4ABH,x,Blood,Duchen,Candida
17/01/2014,76,8,Human,control,x,Blood,Duchen,Candida
17/02/2014,77,1,CLIC1_WT_Blood,control,NA,Blood,Duchen_no_p,Candida
17/02/2014,77,2,CLIC1_WT_Blood,zinc,300uM,Blood,Duchen_no_p,Candida
17/02/2014,77,3,CLIC1_KO_Blood,control,NA,Blood,Duchen_no_p,Candida
17/02/2014,77,4,CLIC1_KO_Blood,zinc,300uM,Blood,Duchen_no_p,Candida
17/02/2014,77,5,CLIC1_WT_BM,control,NA,BM,Duchen_no_p,Candida
17/02/2014,77,6,CLIC1_WT_BM,zinc,300uM,BM,Duchen_no_p,Candida
17/02/2014,77,7,CLIC1_KO_BM,control,NA,BM,Duchen_no_p,Candida
17/02/2014,77,8,CLIC1_KO_BM,zinc,300uM,BM,Duchen_no_p,Candida
26/02/2014,78,1,pH_7,sodium_azide,5mM,bugs,buffered,Candida
26/02/2014,78,2,pH_9,sodium_azide,5mM,bugs,buffered,Candida
26/02/2014,78,3,pH_10,sodium_azide,5mM,bugs,buffered,Candida
26/02/2014,78,4,pH_11,sodium_azide,5mM,bugs,buffered,Candida
26/02/2014,78,5,pH_7,control,NA,bugs,buffered,Candida
26/02/2014,78,6,pH_9,control,NA,bugs,buffered,Candida
26/02/2014,78,7,pH_10,control,NA,bugs,buffered,Candida
26/02/2014,78,8,pH_11,control,NA,bugs,buffered,Candida
03/03/2014,79,1,CLIC1_WT,control,NA,Blood,Duchen,Candida
03/03/2014,79,2,CLIC1_KO,control,NA,Blood,Duchen,Candida
03/03/2014,79,5,CLIC1_WT,control,NA,Blood,Duchen,Lysotracker
03/03/2014,79,6,CLIC1_KO,control,NA,Blood,Duchen,Lysotracker
04/03/2014,80,1,CLIC1_WT,control,NA,Blood,Duchen_no_phosphate,Candida
04/03/2014,80,2,CLIC1_WT,zinc,300uM,Blood,Duchen_no_phosphate,Candida
04/03/2014,80,3,CLIC1_KO,control,NA,Blood,Duchen_no_phosphate,Candida
04/03/2014,80,4,CLIC1_KO,zinc,300uM,Blood,Duchen_no_phosphate,Candida
17/03/2014,81,1,WT,control,NA,Blood,Duchen_no_phosphate,Candida
17/03/2014,81,2,WT,zinc,300uM,Blood,Duchen_no_phosphate,Candida
17/03/2014,81,3,Cystic_Fibrosis,control,NA,Blood,Duchen_no_phosphate,Candida
17/03/2014,81,4,Cystic_Fibrosis,zinc,300uM,Blood,Duchen_no_phosphate,Candida
31/03/2014,82,1,WT,control,NA,Blood,Duchen,Candida
31/03/2014,82,2,vCGD,control,NA,Blood,Duchen,Candida
01/04/2014,83,1,Human,control,NA,Blood,Duchen,Candida
01/04/2014,83,2,Human,DPI,5uM,Blood,Duchen,Candida
01/04/2014,83,3,Human,DPI,1uM,Blood,Duchen,Candida
01/04/2014,83,4,Human,DPI,750nM,Blood,Duchen,Candida
01/04/2014,83,5,Human,DPI,500nM,Blood,Duchen,Candida
01/04/2014,83,6,Human,DPI,250nM,Blood,Duchen,Candida
01/04/2014,83,7,Human,DPI,100nM,Blood,Duchen,Candida
01/04/2014,83,8,Human,DPI,75nM,Blood,Duchen,Candida
07/04/2014,84,1,control,control,NA,Blood,Duchen,Candida
07/04/2014,84,2,control,control,NA,Blood,Duchen,Candida
07/04/2014,84,3,Patient,control,NA,Blood,Duchen,Candida
07/04/2014,84,4,Patient,control,NA,Blood,Duchen,Candida
15/04/2014,85,1,control,control,NA,Blood,Duchen,Candida
15/04/2014,85,2,Patient1,control,NA,Blood,Duchen,Candida
15/04/2014,85,3,Patient2,control,NA,Blood,Duchen,Candida
28/04/2014,86,1,Human,DPI,1uM,Blood,Duchen,Candida
28/04/2014,86,2,Human,DPI,500nM,Blood,Duchen,Candida
28/04/2014,86,3,Human,DPI,250nM,Blood,Duchen,Candida
28/04/2014,86,4,Human,DPI,125nM,Blood,Duchen,Candida
28/04/2014,86,5,Human,DPI,62.5nM,Blood,Duchen,Candida
28/04/2014,86,6,Human,DPI,31.25nM,Blood,Duchen,Candida
28/04/2014,86,7,Human,DPI,15.625nM,Blood,Duchen,Candida
28/04/2014,86,8,Human,control,NA,Blood,Duchen,Candida
08/05/2014,87,1,BEST1,control,NA,Blood,Duchen_no_phosphate,Candida
08/05/2014,87,2,CFTR,control,NA,Blood,Duchen_no_phosphate,Candida
08/05/2014,87,3,Human,control,NA,Blood,Duchen_no_phosphate,Candida
08/05/2014,87,5,BEST1,zinc,300uM,Blood,Duchen_no_phosphate,Candida
08/05/2014,87,6,CFTR,zinc,300uM,Blood,Duchen_no_phosphate,Candida
08/05/2014,87,7,Human,zinc,300uM,Blood,Duchen_no_phosphate,Candida
29/05/2014,88,1,BEST1,control,NA,Blood,Duchen_no_phosphate,Candida
29/05/2014,88,2,BEST1,control,NA,Blood,Duchen_no_phosphate,Candida
29/05/2014,88,3,BEST1,zinc,300uM,Blood,Duchen_no_phosphate,Candida
29/05/2014,88,4,BEST1,zinc,300uM,Blood,Duchen_no_phosphate,Candida
29/05/2014,88,5,Human,control,NA,Blood,Duchen_no_phosphate,Candida
29/05/2014,88,6,Human,control,NA,Blood,Duchen_no_phosphate,Candida
29/05/2014,88,7,Human,zinc,300uM,Blood,Duchen_no_phosphate,Candida
29/05/2014,88,8,Human,zinc,300uM,Blood,Duchen_no_phosphate,Candida
30/05/2014,89,1,WT,control,NA,Blood,Duchen_no_phosphate,Candida
30/05/2014,89,2,WT,zinc,300uM,Blood,Duchen_no_phosphate,Candida
30/05/2014,89,3,WT,control,NA,BM,Duchen_no_phosphate,Candida
30/05/2014,89,4,WT,zinc,300uM,BM,Duchen_no_phosphate,Candida
30/05/2014,89,5,TRPV2,control,NA,Blood,Duchen_no_phosphate,Candida
30/05/2014,89,6,TRPV2,zinc,300uM,Blood,Duchen_no_phosphate,Candida
30/05/2014,89,7,TRPV2,control,NA,BM,Duchen_no_phosphate,Candida
30/05/2014,89,8,TRPV2,zinc,300uM,BM,Duchen_no_phosphate,Candida
23/06/2014,90,1,HV1,control,NA,Blood,Duchen,Candida
23/06/2014,90,2,HV1,CCCP,60uM,Blood,Duchen,Candida
23/06/2014,90,3,HV1,DPI,5uM,Blood,Duchen,Candida
23/06/2014,90,4,HV1,zinc,300uM,Blood,Duchen,Candida
23/06/2014,90,5,WT,control,NA,Blood,Duchen,Candida
23/06/2014,90,6,WT,CCCP,60uM,Blood,Duchen,Candida
23/06/2014,90,7,WT,DPI,5uM,Blood,Duchen,Candida
23/06/2014,90,8,WT,zinc,300uM,Blood,Duchen,Candida
04/07/2014,91,1,BEST1,control,NA,Blood,Duchen,Candida
04/07/2014,91,2,BEST1,zinc,300uM,Blood,Duchen,Candida
04/07/2014,91,3,Human,control,NA,Blood,Duchen,Candida
04/07/2014,91,4,Human,zinc,300uM,Blood,Duchen,Candida
04/07/2014,91,5,BEST1,control,NA,Blood,Duchen,Candida
04/07/2014,91,6,BEST1,zinc,300uM,Blood,Duchen,Candida
04/07/2014,91,7,Human,control,NA,Blood,Duchen,Candida
04/07/2014,91,8,Human,zinc,300uM,Blood,Duchen,Candida
17/07/2014,92,1,BEST1,control,NA,Blood,Duchen_no_phosphate,Candida
17/07/2014,92,2,BEST1,zinc,100uM,Blood,Duchen_no_phosphate,Candida
17/07/2014,92,3,BEST1,zinc,300uM,Blood,Duchen_no_phosphate,Candida
17/07/2014,92,4,BEST1,control,NA,Blood,Duchen_no_phosphate,Candida
17/07/2014,92,5,Human,control,NA,Blood,Duchen_no_phosphate,Candida
17/07/2014,92,6,Human,zinc,100uM,Blood,Duchen_no_phosphate,Candida
17/07/2014,92,7,Human,zinc,300uM,Blood,Duchen_no_phosphate,Candida
17/07/2014,92,8,Human,control,NA,Blood,Duchen_no_phosphate,Candida
21/07/2014,93,1,WT_spleen,control,NA,Spleen,Duchen_no_phosphate,Candida
21/07/2014,93,2,WT_spleen,zinc,300uM,Spleen,Duchen_no_phosphate,Candida
21/07/2014,93,3,WT_BM,control,NA,BM,Duchen_no_phosphate,Candida
21/07/2014,93,4,WT_BM,zinc,300uM,BM,Duchen_no_phosphate,Candida
21/07/2014,93,5,CLNC7_spleen,control,NA,Spleen,Duchen_no_phosphate,Candida
21/07/2014,93,6,CLNC7_spleen,zinc,300uM,Spleen,Duchen_no_phosphate,Candida
21/07/2014,93,7,CLNC7_BM,control,NA,BM,Duchen_no_phosphate,Candida
21/07/2014,93,8,CLNC7_BM,zinc,300uM,BM,Duchen_no_phosphate,Candida
21/07/2014,94,9,WT,control,NA,Blood,Duchen_no_phosphate,Candida
21/07/2014,94,10,WT,control,NA,Blood,Duchen_no_phosphate,Candida
21/07/2014,94,11,WT,zinc,300uM,Blood,Duchen_no_phosphate,Candida
21/07/2014,94,12,WT,zinc,300uM,Blood,Duchen_no_phosphate,Candida
21/07/2014,94,13,CLCN7,control,NA,Blood,Duchen_no_phosphate,Candida
21/07/2014,94,14,CLCN7,control,NA,Blood,Duchen_no_phosphate,Candida
21/07/2014,94,15,CLCN7,zinc,300uM,Blood,Duchen_no_phosphate,Candida
21/07/2014,94,16,CLCN7,zinc,300uM,Blood,Duchen_no_phosphate,Candida
28/05/2014,95,1,Human,KCN,1mM,Blood,Duchen,Candida
28/05/2014,95,2,Human,KCN,100uM,Blood,Duchen,Candida
28/05/2014,95,3,Human,KCN,10uM,Blood,Duchen,Candida
28/05/2014,95,4,Human,control,NA,Blood,Duchen,Candida
28/05/2014,95,5,Human,KCN,1mM,Blood,Duchen,Candida
28/05/2014,95,6,Human,KCN,100uM,Blood,Duchen,Candida
28/05/2014,95,7,Human,KCN,10uM,Blood,Duchen,Candida
28/05/2014,95,8,Human,control,NA,Blood,Duchen,Candida
03/06/2014,96,1,HV1,control,NA,Blood,Duchen_no_phosphate,Candida
03/06/2014,96,2,HV1,CCCP,60uM,Blood,Duchen_no_phosphate,Candida
03/06/2014,96,3,HV1,DPI,5uM,Blood,Duchen_no_phosphate,Candida
03/06/2014,96,4,HV1,zinc,300uM,Blood,Duchen_no_phosphate,Candida
03/06/2014,96,5,WT,control,NA,Blood,Duchen_no_phosphate,Candida
03/06/2014,96,6,WT,CCCP,60uM,Blood,Duchen_no_phosphate,Candida
03/06/2014,96,7,WT,DPI,5uM,Blood,Duchen_no_phosphate,Candida
03/06/2014,96,8,WT,zinc,300uM,Blood,Duchen_no_phosphate,Candida
18/08/2014,97,1,CLCN7_patient,control,NA,Blood,Duchen_no_phosphate,Candida
18/08/2014,97,2,CLCN7_patient,control,NA,Blood,Duchen_no_phosphate,Candida
18/08/2014,97,3,CLCN7_patient,zinc,300uM,Blood,Duchen_no_phosphate,Candida
18/08/2014,97,4,CLCN7_patient,zinc,300uM,Blood,Duchen_no_phosphate,Candida
18/08/2014,97,5,control,control,NA,Blood,Duchen_no_phosphate,Candida
18/08/2014,97,6,control,control,NA,Blood,Duchen_no_phosphate,Candida
18/08/2014,97,7,control,zinc,300uM,Blood,Duchen_no_phosphate,Candida
18/08/2014,97,8,control,zinc,300uM,Blood,Duchen_no_phosphate,Candida
22/08/2014,98,1,HV1,control,NA,Spleen,HBSS,Candida
22/08/2014,98,2,KCC3,control,NA,Spleen,HBSS,Candida
22/08/2014,98,3,WT,control,NA,Spleen,HBSS,Candida
22/08/2014,98,4,NA,NA,NA,NA,NA,NA
22/08/2014,98,5,HV1,DIDS,30uM,Spleen,HBSS,Candida
22/08/2014,98,6,KCC3,DIDS,30uM,Spleen,HBSS,Candida
22/08/2014,98,7,WT,DIDS,30uM,Spleen,HBSS,Candida
22/08/2014,98,8,NA,NA,NA,NA,NA,Candida
22/08/2014,99,1,HV1,control,NA,Spleen,Duchen_no_phosphate,Candida
22/08/2014,99,2,KCC3,control,NA,Spleen,Duchen_no_phosphate,Candida
22/08/2014,99,3,WT,control,NA,Spleen,Duchen_no_phosphate,Candida
22/08/2014,99,4,10M_NaOH,NA,NA,NA,NA,NA
22/08/2014,99,5,HV1,zinc,300uM,Spleen,Duchen_no_phosphate,Candida
22/08/2014,99,6,KCC3,zinc,300uM,Spleen,Duchen_no_phosphate,Candida
22/08/2014,99,7,WT,zinc,300uM,Spleen,Duchen_no_phosphate,Candida
22/08/2014,99,8,10M_NaOH,NA,NA,NA,NA,NA
12/09/2014,100,1,Human,DIDS,0.3uM,Blood,HBSS,Candida
12/09/2014,100,2,Human,DIDS,1uM,Blood,HBSS,Candida
12/09/2014,100,3,Human,DIDS,3uM,Blood,HBSS,Candida
12/09/2014,100,4,Human,DIDS,10uM,Blood,HBSS,Candida
12/09/2014,100,5,Human,DIDS,30uM,Blood,HBSS,Candida
12/09/2014,100,6,Human,DIDS,100uM,Blood,HBSS,Candida
12/09/2014,100,7,Human,DIDS,300uM,Blood,HBSS,Candida
12/09/2014,100,8,Human,control,NA,Blood,HBSS,Candida
17/09/2014,101,1,HV1,control,300uM,Spleen,Duchen_no_phosphate_bicarbonate,Candida
17/09/2014,101,2,KCC3,control,300uM,Spleen,Duchen_no_phosphate_bicarbonate,Candida
17/09/2014,101,3,WT,control,300uM,Spleen,Duchen_no_phosphate_bicarbonate,Candida
17/09/2014,101,4,10M_NaOH,NA,NA,NA,NA,NA
17/09/2014,101,5,HV1,zinc,300uM,Spleen,Duchen_no_phosphate_bicarbonate,Candida
17/09/2014,101,6,KCC3,zinc,300uM,Spleen,Duchen_no_phosphate_bicarbonate,Candida
17/09/2014,101,7,WT,zinc,300uM,Spleen,Duchen_no_phosphate_bicarbonate,Candida
17/09/2014,101,8,10M_NaOH,NA,NA,NA,NA,NA
17/09/2014,101,BM1,HV1,control,300uM,BM,Duchen_no_phosphate_bicarbonate,Candida
17/09/2014,101,BM2,KCC3,control,300uM,BM,Duchen_no_phosphate_bicarbonate,Candida
17/09/2014,101,BM3,WT,control,300uM,BM,Duchen_no_phosphate_bicarbonate,Candida
17/09/2014,101,BM4,10M_NaOH,NA,NA,NA,NA,NA
17/09/2014,101,BM5,HV1,zinc,300uM,BM,Duchen_no_phosphate_bicarbonate,Candida
17/09/2014,101,BM6,KCC3,zinc,300uM,BM,Duchen_no_phosphate_bicarbonate,Candida
17/09/2014,101,BM7,WT,zinc,300uM,BM,Duchen_no_phosphate_bicarbonate,Candida
17/09/2014,101,BM8,10M_NaOH,NA,NA,NA,NA,NA
19/09/2014,102,1,Human,DIDS,10uM,Blood,HBSS,Candida
19/09/2014,102,2,Human,DIDS,1uM,Blood,HBSS,Candida
19/09/2014,102,3,Human,DIDS,0.1uM,Blood,HBSS,Candida
19/09/2014,102,4,Human,DIDS,0.01uM,Blood,HBSS,Candida
19/09/2014,102,5,Human,DIDS,3uM,Blood,HBSS,Candida
19/09/2014,102,6,Human,DIDS,0.3uM,Blood,HBSS,Candida
19/09/2014,102,7,Human,DIDS,0.03uM,Blood,HBSS,Candida
19/09/2014,102,8,Human,control,NA,Blood,HBSS,Candida
19/09/2014,103,S1,Human,SITS,10uM,Blood,HBSS,Candida
19/09/2014,103,S2,Human,SITS,1uM,Blood,HBSS,Candida
19/09/2014,103,S3,Human,SITS,0.1uM,Blood,HBSS,Candida
19/09/2014,103,S4,Human,SITS,0.01uM,Blood,HBSS,Candida
19/09/2014,103,S5,Human,SITS,3uM,Blood,HBSS,Candida
19/09/2014,103,S6,Human,SITS,0.3uM,Blood,HBSS,Candida
19/09/2014,103,S7,Human,SITS,0.03uM,Blood,HBSS,Candida
19/09/2014,103,S8,Human,control,NA,Blood,HBSS,Candida
07/10/2014,104,1,KCNJ2,control,NA,Blood,Duchen_pH5.8,Candida
07/10/2014,104,2,KCNJ2,control,NA,Blood,Duchen_pH5.8,Candida
07/10/2014,104,3,KCNJ2,zinc,300uM,Blood,Duchen_no_phosphate,Candida
07/10/2014,104,4,KCNJ2,zinc,300uM,Blood,Duchen_no_phosphate,Candida
07/10/2014,104,5,Human,control,NA,Blood,Duchen_pH5.8,Candida
07/10/2014,104,6,Human,control,NA,Blood,Duchen_pH5.8,Candida
07/10/2014,104,7,Human,zinc,300uM,Blood,Duchen_no_phosphate,Candida
07/10/2014,104,8,Human,zinc,300uM,Blood,Duchen_no_phosphate,Candida
14/10/2014,105,1,Human,control,NA,Blood,HBSS,Candida
14/10/2014,105,2,Human,control+DMSO,NA,Blood,HBSS,Candida
14/10/2014,105,3,Human,UK5099,62.5uM,Blood,HBSS,Candida
14/10/2014,105,4,Human,UK5099,125uM,Blood,HBSS,Candida
14/10/2014,105,5,Human,UK5099,250uM,Blood,HBSS,Candida
14/10/2014,105,6,Human,UK5099,500uM,Blood,HBSS,Candida
14/10/2014,105,7,Human,UK5099,1mM,Blood,HBSS,Candida
14/10/2014,105,8,Human,UK5099,500uM,Blood,Duchen,Candida
11/11/2014,106,1,KCC3,control,N/A,Blood,HBSS,Candida
11/11/2014,106,2,KCC3,control,N/A,BM,HBSS,Candida
11/11/2014,106,3,WT,control,N/A,Blood,HBSS,Candida
11/11/2014,106,4,WT,control,N/A,BM,HBSS,Candida
11/11/2014,106,5,KCC3,zinc,300uM,Blood,Duchen_no_phospate,Candida
11/11/2014,106,6,KCC3,zinc,300uM,BM,Duchen_no_phospate,Candida
11/11/2014,106,7,WT,zinc,300uM,Blood,Duchen_no_phospate,Candida
11/11/2014,106,8,WT,zinc,300uM,BM,Duchen_no_phospate,Candida
05/12/2014,107,1,WT,control,NA,BM,HBSS,Candida
05/12/2014,107,2,WT,zinc,300uM,BM,Phosphate_free_duchen,Candida
05/12/2014,107,3,WT,control,NA,BM,HBSS,Candida
05/12/2014,107,4,WT,zinc,300uM,BM,Phosphate_free_duchen,Candida
05/12/2014,107,5,SLC26A6,control,NA,BM,HBSS,Candida
05/12/2014,107,6,SLC26A6,zinc,300uM,BM,Phosphate_free_duchen,Candida
05/12/2014,107,7,SLC26A6,control,NA,BM,HBSS,Candida
05/12/2014,107,8,SLC26A6,zinc,300uM,BM,Phosphate_free_duchen,Candida
28/01/2015,108,1,Human,control,NA ,Blood,Duchen,Candida
28/01/2015,108,2,Human,DPI,78nM,Blood,Duchen,Candida
28/01/2015,108,3,Human,DPI,152nM,Blood,Duchen,Candida
28/01/2015,108,4,Human,DPI,312.5nM,Blood,Duchen,Candida
28/01/2015,108,5,Human,DPI ,500nM ,Blood,Duchen,Candida
28/01/2015,108,6,Human,DPI,1uM,Blood,Duchen,Candida
28/01/2015,108,7,Human,DPI,2.5uM ,Blood,Duchen,Candida
28/01/2015,108,8,Human,DPI,5uM,Blood,Duchen,Candida
02/02/2015,109,1,Human,DPI,NA ,Blood,Duchen,Candida
02/02/2015,109,2,Human,DPI ,39nM,Blood,Duchen,Candida
02/02/2015,109,3,Human,DPI ,78nM,Blood,Duchen,Candida
02/02/2015,109,4,Human,DPI ,156nM,Blood,Duchen,Candida
02/02/2015,109,5,Human,DPI ,312.5nM,Blood,Duchen,Candida
02/02/2015,109,6,Human,DPI ,500nM,Blood,Duchen,Candida
02/02/2015,109,7,Human,DPI ,625nM,Blood,Duchen,Candida
02/02/2015,109,8,Human,DPI ,1uM,Blood,Duchen,Candida
11/12/2014,110,5,KCC3,zinc,300uM,BM,HBSS,Candida
11/12/2014,110,6,WT,zinc,300uM,BM,HBSS,Candida
11/12/2014,110,7,CLCN3,zinc,300uM,BM,HBSS,Candida
11/12/2014,110,8,WT,zinc,300uM,BM,HBSS,Candida
12/12/2014,111,1,KCC3,control,NA,BM,HBSS,Candida
12/12/2014,111,2,WT_TRPM,control,NA,BM,HBSS,Candida
12/12/2014,111,3,CLCN3,control,NA,BM,HBSS,Candida
12/12/2014,111,4,WT,control,NA,BM,HBSS,Candida
12/12/2014,111,5,KCC3,zinc,300uM,BM,Phosphate_free_duchen,Candida
12/12/2014,111,6,WT_TRPM,zinc,300uM,BM,Phosphate_free_duchen,Candida
12/12/2014,111,7,CLCN3,zinc,300uM,BM,Phosphate_free_duchen,Candida
12/12/2014,111,8,WT,zinc,300uM,BM,Phosphate_free_duchen,Candida
15/12/2014,112,1,HV1,IAA94,10uM,Blood,Duchen,3um_latex
15/12/2014,112,2,HV1,control,NA,Blood,Duchen,3um_latex
15/12/2014,112,3,WT,IAA94,10uM,Blood,Duchen,3um_latex
15/12/2014,112,4,WT,control,NA,Blood,Duchen,3um_latex
15/12/2014,112,5,HV1,IAA94,10uM,Blood,Duchen,3um_latex
15/12/2014,112,6,HV1,control,NA,Blood,Duchen,3um_latex
15/12/2014,112,7,WT,IAA94,10uM,Blood,Duchen,3um_latex
15/12/2014,112,8,WT,control,NA,Blood,Duchen,3um_latex
20/01/2015,113,1,KCC3_HV1,control,NA,BM,Phosphate_free_duchen,Candida
20/01/2015,113,2,WT,control,NA,BM,Phosphate_free_duchen,Candida
20/01/2015,113,5,KCC3_HV1,zinc,300uM,BM,Phosphate_free_duchen,Candida
20/01/2015,113,6,WT,zinc,300uM,BM,Phosphate_free_duchen,Candida
22/01/2015,114,1,HV1_CLCN1,control,NA,BM,Duchen,Candida
22/01/2015,114,2,HV1,control,NA,BM,Duchen,Candida
22/01/2015,114,3,WT,control,NA,BM,Duchen,Candida
22/01/2015,114,5,HV1_CLCN1,control,NA,BM,Duchen,Candida
22/01/2015,114,6,HV1,control,NA,BM,Duchen,Candida
22/01/2015,114,7,WT,control,NA,BM,Duchen,Candida
17/02/2015,115,5,Human,4ABH,50uM,Blood,Duchen,Candida
17/02/2015,115,6,Human,KCN,1mM,Blood,Duchen,Candida
17/02/2015,115,10,Human,DPI,5uM,Blood,Duchen,Candida
17/02/2015,115,11,Human,control,NA,Blood,Duchen,Candida
25/02/2015,118,1,Human,sodium_azide,5000uM,Blood,Duchen,Candida
25/02/2015,118,2,Human,DPI ,5uM,Blood,Duchen,Candida
25/02/2015,118,3,Human,control,NA,Blood,Duchen,Candida
25/02/2015,118,5,Human,4ABH,50uM,Blood,Duchen,Candida
25/02/2015,118,6,Human,KCN,1mM,Blood,Duchen,Candida
03/03/2015,120,1,Human,control,NA,Blood,Duchen,Candida
03/03/2015,120,2,Human,DPI,5nM,Blood,Duchen,Candida
03/03/2015,120,3,Human,DPI,39nM,Blood,Duchen,Candida
03/03/2015,120,4,Human,DPI,50nM,Blood,Duchen,Candida
03/03/2015,120,5,Human,DPI ,78nM,Blood,Duchen,Candida
03/03/2015,120,6,Human,DPI,100nM,Blood,Duchen,Candida
03/03/2015,120,7,Human,DPI,156nM,Blood,Duchen,Candida
03/03/2015,120,8,Human,DPI,312.5nM,Blood,Duchen,Candida
03/03/2015_2,121,1,HV1,control,NA,BM,HBSS,Candida
03/03/2015_2,121,2,HV1,Mexiletine ,100uM,BM,HBSS,Candida
03/03/2015_2,121,3,HV1,Thioridazine,50uM,BM,HBSS,Candida
03/03/2015_2,121,4,HV1,Quinidine,300uM,BM,HBSS,Candida
03/03/2015_2,121,5,HV1,Quinidine,30uM,BM,HBSS,Candida
03/03/2015_2,121,6,HV1,HMR1556,1uM,BM,HBSS,Candida
03/03/2015_2,121,7,HV1,Ranolazine,50uM,BM,HBSS,Candida
03/03/2015_2,121,8,HV1,control,DMSO,BM,HBSS,Candida
06/03/2015,122,1,KCC3,control+Zinc,300uM,BM,Phosphate_free_duchen,Candida
06/03/2015,122,2,KCC3,DIOA+Zinc,5uM+300uM,BM,Phosphate_free_duchen,Candida
06/03/2015,122,3,KCC3,DIOA+Zinc,20uM+300uM,BM,Phosphate_free_duchen,Candida
06/03/2015,122,4,KCC3,DIOA+Zinc,50uM+300uM,BM,Phosphate_free_duchen,Candida
06/03/2015,122,5,WT,control+Zinc,300uM,BM,Phosphate_free_duchen,Candida
06/03/2015,122,6,WT,DIOA+Zinc,5uM+300uM,BM,Phosphate_free_duchen,Candida
06/03/2015,122,7,WT,DIOA+Zinc,20uM+300uM,BM,Phosphate_free_duchen,Candida
06/03/2015,122,8,WT,DIOA+Zinc,50uM+300uM,BM,Phosphate_free_duchen,Candida
06/03/2015_2,123,1,HV1,Control,NA,BM,HBSS,Candida
06/03/2015_2,123,2,HV1,Bariumchloride,100uM,BM,HBSS,Candida
06/03/2015_2,123,3,HV1,DIDS,5uM,BM,HBSS,Candida
06/03/2015_2,123,4,HV1,Phloretin,100uM,BM,HBSS,Candida
06/03/2015_2,123,5,HV1,Gadolinium,10uM,BM,HBSS,Candida
06/03/2015_2,123,6,HV1,Thioridazine,1uM,BM,HBSS,Candida
17/03/2015,124,1,WT,control,NA,BM,HBSS,Candida
17/03/2015,124,2,HV1,control,NA,BM,HBSS,Candida
17/03/2015,124,3,WT,CFTR172,3uM,BM,HBSS,Candida
17/03/2015,124,4,HV1,CFTR172,3uM,BM,HBSS,Candida
17/03/2015_2,125,1,Human,control,NA,Blood,Duchen,Candida
17/03/2015_2,125,2,Human,VAS2870,500nM,Blood,Duchen,Candida
17/03/2015_2,125,3,Human,VAS2870,700nM,Blood,Duchen,Candida
17/03/2015_2,125,4,Human,VAS2870,1uM,Blood,Duchen,Candida
17/03/2015_2,125,5,Human,VAS2870,3uM,Blood,Duchen,Candida
17/03/2015_2,125,6,Human,VAS2870,5uM,Blood,Duchen,Candida
17/03/2015_2,125,7,Human,VAS2870,7uM,Blood,Duchen,Candida
17/03/2015_2,125,8,Human,VAS2870,10uM,Blood,Duchen,Candida
26/03/2015,126,1,HV1,Control,NA,BM,HBSS,Candida
26/03/2015,126,2,HV1,PK11195,10nM,BM,HBSS,Candida
26/03/2015,126,3,HV1,PK11195,100nM,BM,HBSS,Candida
26/03/2015,126,4,HV1,PK11195,1uM,BM,HBSS,Candida
26/03/2015,126,5,HV1,Amiodarone,50uM,BM,HBSS,Candida
26/03/2015,126,6,HV1,Flecanide,100uM,BM,HBSS,Candida
26/03/2015,126,7,HV1,Procainamide,50uM,BM,HBSS,Candida
26/03/2015,126,8,HV1,Stichodactyla,5nM,BM,HBSS,Candida
31/03/2015,127,1,"TRPC1,3,5,6",control,NA,BM,HBSS,Candida
31/03/2015,127,2,"TRPC1,3,5,6",zinc,300uM,BM,Phosphate_free_duchen,Candida
31/03/2015,127,3,WT,control,NA,BM,HBSS,Candida
31/03/2015,127,4,WT,zinc,300uM,BM,Phosphate_free_duchen,Candida
31/03/2015_2,128,1,HV1,control,NA,BM,HBSS,Candida
31/03/2015_2,128,2,HV1,PK11195,50nM,BM,HBSS,Candida
31/03/2015_2,128,3,HV1,PK11195,100nM,BM,HBSS,Candida
31/03/2015_2,128,4,HV1,PK11195,500nM,BM,HBSS,Candida
31/03/2015_2,128,5,HV1,Procainamide,50uM,BM,HBSS,Candida
31/03/2015_2,128,6,HV1,Amiodarone,25uM,BM,HBSS,Candida
13/04/2015,129,1,Human,control,NA,Blood,Duchen,Candida
13/04/2015,129,2,Human,VAS2870,500nM,Blood,Duchen,Candida
13/04/2015,129,3,Human,VAS2870,750nM,Blood,Duchen,Candida
13/04/2015,129,4,Human,VAS2870,1uM,Blood,Duchen,Candida
13/04/2015,129,5,Human,VAS2870,2.5uM,Blood,Duchen,Candida
13/04/2015,129,6,Human,VAS2870,5uM,Blood,Duchen,Candida
13/04/2015,129,7,Human,VAS2870,7.5uM,Blood,Duchen,Candida
13/04/2015,129,8,Human,VAS2870,10uM,Blood,Duchen,Candida
13/04/2015_2,130,1,Human,control,NA,Blood,HBSS,Candida
13/04/2015_2,130,2,Human,Tamoxifen,10uM,Blood,HBSS,Candida
13/04/2015_2,130,3,Human,Tamoxifen,100uM,Blood,HBSS,Candida
17/04/2015,131,1,Human,Control,NA,Blood,Duchen,Candida
17/04/2015,131,2,Human,DPI,5nM,Blood,Duchen,Candida_in_calcein
17/04/2015,131,3,Human,DPI,39nM,Blood,Duchen,Candida_in_calcein
17/04/2015,131,4,Human,DPI,50nM,Blood,Duchen,Candida_in_calcein
17/04/2015,131,5,Human,DPI,78nM,Blood,Duchen,Candida_in_calcein
17/04/2015,131,6,Human,DPI,100nM,Blood,Duchen,Candida_in_calcein
17/04/2015,131,7,Human,DPI,156nM,Blood,Duchen,Candida_in_calcein
17/04/2015,131,8,Human,DPI,312.5nM,Blood,Duchen,Candida_in_calcein
22/04/2015,132,1,HV1_CLCN1,control,NA,BM,Duchen,Candida
22/04/2015,132,2,HV1_CLCN3,control,NA,BM,Duchen,Candida
22/04/2015,132,3,HV1,control,NA,BM,Duchen,Candida
22/04/2015,132,4,HV1_CLCN1,control,NA,BM,Duchen,Candida
22/04/2015,132,5,HV1_CLCN3,control,NA,BM,Duchen,Candida
22/04/2015,132,6,HV1, control,NA,BM,Duchen,Candida
06/05/2015,133,1,HV1_CLIC1,control,NA,BM,Duchen,Candida
06/05/2015,133,2,HV1_KCC3,control,NA,BM,Duchen,Candida
06/05/2015,133,3,HV1_CLCN3,control,NA,BM,Duchen,Candida
06/05/2015,133,4,HV1,control,NA,BM,Duchen,Candida
06/05/2015,133,5,HV1_CLIC1,control,NA,BM,HBSS,Candida
06/05/2015,133,6,HV1_KCC3,control,NA,BM,HBSS,Candida
06/05/2015,133,7,HV1_CLCN3,control,NA,BM,HBSS,Candida
06/05/2015,133,8,HV1,control,NA,BM,HBSS,Candida
11/05/2015,134,1,HV1,control,NA,BM,Duchen,Candida
11/05/2015,134,2,HV1_CLIC1,control,NA,BM,Duchen,Candida
11/05/2015,134,3,WT,control,NA,BM,Duchen,Candida
11/05/2015,134,4,TRPA1/V1,control,NA,BM,Duchen,Candida
11/05/2015,134,5,HV1,control,NA,BM,HBSS,Candida
11/05/2015,134,6,HV1_CLIC1,control,NA,BM,HBSS,Candida
11/05/2015,134,7,WT,control,NA,BM,HBSS,Candida
11/05/2015,134,8,TRPA1/V1,control,NA,BM,HBSS,Candida
14/05/2015,135,1,HV1,control,NA,BM,HBSS,Candida
14/05/2015,135,2,HV1,PK11195,50nM,BM,HBSS,Candida
14/05/2015,135,3,HV1,PK11195,100nM,BM,HBSS,Candida
14/05/2015,135,4,HV1,PK11195,500nM,BM,HBSS,Candida
14/05/2015,135,5,HV1,AC 5216,1nM,BM,HBSS,Candida
14/05/2015,135,6,HV1,AC 5216,5nM,BM,HBSS,Candida
14/05/2015,135,7,HV1,AC 5216,20nM,BM,HBSS,Candida
14/05/2015,135,8,HV1,AC 5216,100nM,BM,HBSS,Candida
21/05/2015,136,1,WT,control,0nM,BM,Duchen,Candida
21/05/2015,136,2,HV1,control,0nM,BM,Duchen,Candida
21/05/2015,136,3,Human,control,0nM,BM,Duchen,Candida
21/05/2015,136,4,HV1,control,0nM,BM,HBSS,Candida
21/05/2015,136,5,WT,DIOA,50uM,BM,Duchen,Candida
21/05/2015,136,6,HV1,DIOA,50uM,BM,Duchen,Candida
21/05/2015,136,7,WT,NPPB,100uM,BM,Duchen,Candida
21/05/2015,136,8,HV1 ,NPPB,100uM,BM,Duchen,Candida
21/05/2015,136,9,Human,NPPB,100uM,BM,Duchen,Candida
21/05/2015,136,10,WT,FFA,100uM,BM,Duchen,Candida
21/05/2015,136,11,HV1 ,FFA,100uM,BM,Duchen,Candida
21/05/2015,136,12,Human,FFA,100uM,BM,Duchen,Candida
21/05/2015,136,13,Human,DCPIB,20uM,BM,Duchen,Candida
21/05/2015,136,14,WT,CFTR-172,5uM,BM,Duchen,Candida
21/05/2015,136,15,HV1,CFTR-172,5uM,BM,Duchen,Candida
21/05/2015,136,16,WT,CFTR-172,10uM,BM,Duchen,Candida
21/05/2015,136,17,HV1 ,CFTR-172,10uM,BM,Duchen,Candida
21/05/2015,136,18,Human,Tamoxifen,100uM,BM,Duchen,Candida
21/05/2015,136,19,HV1,IAA94,10uM,BM,Duchen,Candida
21/05/2015,136,20,HV1,WW781,10uM,BM,HBSS,Candida
21/05/2015,136,21,HV1,PK11195,100nM,BM,HBSS,Candida
26/05/2015,137,1,Human,DPI,0nM,Blood,Duchen,Candida
26/05/2015,137,2,Human,DPI,5nM,Blood,Duchen,Candida
26/05/2015,137,3,Human,DPI,39nM,Blood,Duchen,Candida
26/05/2015,137,4,Human,DPI,50nM,Blood,Duchen,Candida
26/05/2015,137,5,Human,DPI,78nM,Blood,Duchen,Candida
26/05/2015,137,6,Human,DPI,100nM,Blood,Duchen,Candida
26/05/2015,137,7,Human,DPI,156nM,Blood,Duchen,Candida
26/05/2015,137,8,Human,DPI,312.5nM,Blood,Duchen,Candida
26/05/2015,137,9,Human,DPI,500nM,Blood,Duchen,Candida
26/05/2015,137,10,Human,DPI,625nM,Blood,Duchen,Candida
26/05/2015,137,11,Human,DPI,1uM,Blood,Duchen,Candida
26/05/2015,137,12,Human,DPI,2.5uM,Blood,Duchen,Candida
26/05/2015,137,13,Human,DPI,5uM,Blood,Duchen,Candida
01/06/2015,138,1,Human,control1,0nM,Blood,Duchen,Candida
01/06/2015,138,2,Human,DCPIB,20uM,Blood,Duchen,Candida
01/06/2015,138,3,Human,control2,0nM,Blood,Duchen,Candida
01/06/2015,138,4,Human,FFA,100uM,Blood,Duchen,Candida
01/06/2015,138,5,Human,control3,0nM,Blood,Duchen,Candida
01/06/2015,138,6,Human,NPPB,100uM,Blood,Duchen,Candida
01/06/2015,138,7,Human,control4,0nM,Blood,Duchen,Candida
01/06/2015,138,8,Human,Tamoxifen,100uM,Blood,Duchen,Candida
01/06/2015,138,9,HV1,control1,0nM,BM,Duchen,Candida
01/06/2015,138,10,HV1,FFA,100uM,BM,Duchen,Candida
01/06/2015,138,11,HV1,control2,0nM,BM,Duchen,Candida
01/06/2015,138,12,HV1,NPPB,100uM,BM,Duchen,Candida
01/06/2015,138,13,HV1,control3,0nM,BM,Duchen,Candida
01/06/2015,138,14,HV1,IAA94,10uM,BM,Duchen,Candida
01/06/2015,138,15,HV1,control4,0nM,BM,Duchen,Candida
01/06/2015,138,16,HV1,CFTR-172,5uM,BM,Duchen,Candida
01/06/2015,138,17,WT,control1,0nM,BM,Duchen,Candida
01/06/2015,138,18,WT,FFA,100uM,BM,Duchen,Candida
01/06/2015,138,19,WT,control2,0nM,BM,Duchen,Candida
01/06/2015,138,20,WT,NPPB,100uM,BM,Duchen,Candida
01/06/2015,138,21,WT,control3,0nM,BM,Duchen,Candida
01/06/2015,138,22,WT,DIOA,50uM,BM,Duchen,Candida
01/06/2015,138,23,WT,CFTR-172,5uM,BM,Duchen,Candida
02/06/2015,139,1,HV1,control,0nM,BM,Duchen,Candida
02/06/2015,139,2,HV1,Tamoxifen,3uM,BM,Duchen,Candida
02/06/2015,139,3,HV1,Tamoxifen,10uM,BM,Duchen,Candida
02/06/2015,139,4,HV1,Tamoxifen,30um,BM,Duchen,Candida
02/06/2015,139,5,HV1,control+ethanol,0nM,BM,Duchen,Candida
02/06/2015,139,6,HV1,DCPIB,10uM,BM,Duchen,Candida
02/06/2015,139,7,HV1,DCPIB,20uM,BM,Duchen,Candida
02/06/2015,139,8,HV1,DIOA,50uM,BM,Duchen,Candida
09/06/2015,140,1,Human,controldmso,0nM,Blood,Duchen,Candida
09/06/2015,140,2,Human,CFTR-172,5uM,Blood,Duchen,Candida
09/06/2015,140,3,Human,CFTR-172,10uM,Blood,Duchen,Candida
09/06/2015,140,4,Human,Phloretin,200uM,Blood,Duchen,Candida
09/06/2015,140,5,Human,controlEtOH,0nM,Blood,Duchen,Candida
09/06/2015,140,6,Human,DPCIB,10uM,Blood,Duchen,Candida
09/06/2015,140,7,Human,DPCIB,20uM,Blood,Duchen,Candida
09/06/2015,140,8,Human,DIOA,20uM,Blood,Duchen,Candida
10/06/2015,141,1,Human,controldmso,0nM,Blood,Duchen,Candida
10/06/2015,141,2,Human,Tamoxifen,3uM,Blood,Duchen,Candida
10/06/2015,141,3,Human,Tamoxifen,10uM,Blood,Duchen,Candida
10/06/2015,141,4,Human,controlEtOH,0nM,Blood,Duchen,Candida
10/06/2015,141,5,Human,DCPIB,20uM,Blood,Duchen,Candida
10/06/2015,141,6,Human,Tamoxifen,30uM,Blood,Duchen,Candida
19/06/2015,142,1,WT,control,0nM,BM,Duchen,Candida
19/06/2015,142,2,KCC3,control,0nM,BM,Duchen,Candida
19/06/2015,142,3,HV1,control,0nM,BM,Duchen,Candida
19/06/2015,142,4,HV1_KCC3,control,0nM,BM,Duchen,Candida
19/06/2015,142,5,WT,control,0nM,BM,Bicarbonate,Candida
19/06/2015,142,6,KCC3,control,0nM,BM,Bicarbonate,Candida
19/06/2015,142,7,HV1,control,0nM,BM,Bicarbonate,Candida
19/06/2015,142,8,HV1_KCC3,control,0nM,BM,Bicarbonate,Candida
23/06/2015,143,1,WT,control,0nM,BM,Duchen,Candida
23/06/2015,143,2,CLCN3,control,0nM,BM,Duchen,Candida
23/06/2015,143,3,HV1,control,0nM,BM,Duchen,Candida
23/06/2015,143,5,WT,control,0nM,BM,Bicarbonate,Candida
23/06/2015,143,6,CLCN3,control,0nM,BM,Bicarbonate,Candida
23/06/2015,143,7,HV1,control,0nM,BM,Bicarbonate,Candida
29/06/2015,144,1,HV1,control,0nM,BM,Bicarbonate,Candida
29/06/2015,144,2,HV1,DIDS,400nM,BM,Bicarbonate,Candida
29/06/2015,144,3,HV1,Acetozolamide,1mM,BM,Duchen+CO2,Candida
29/06/2015,144,4,HV1,control,0nM,BM,Duchen_free_CO2,Candida
29/06/2015,144,5,HV1,DIDS,2uM,BM,Bicarbonate,Candida
29/06/2015,144,6,HV1,DIDS,10uM,BM,Bicarbonate,Candida
29/06/2015,144,7,HV1,control,0nM,BM,Duchen+CO3,Candida
29/06/2015,144,8,HV1,control,0nM,BM,Duchen_free_CO2,Candida
10/07/2015,145,1,HV1,control,0nM,BM,Bicarbonate,Candida
10/07/2015,145,2,HV1_CLCN3,control,0nM,BM,Bicarbonate,Candida
10/07/2015,145,3,HV1,control,0nM,BM,Duchen,Candida
10/07/2015,145,4,HV1_CLCN3,control,0nM,BM,Duchen,Candida
15/07/2015,146,1,HV1,control,0nM,BM,Duchen,Candida
15/07/2015,146,2,HV1,FFA,100uM,BM,Duchen,Candida
15/07/2015,146,3,WT,control,0nM,BM,Duchen,Candida
15/07/2015,146,4,WT,FFA,100uM,BM,Duchen,Candida
15/07/2015,146,5,HV1,DCPIB,20uM,BM,Duchen,Candida
15/07/2015,146,6,HV1,NPPB,100uM,BM,Duchen,Candida
15/07/2015,146,7,WT,DCPIB,20uM,BM,Duchen,Candida
15/07/2015,146,8,WT,NPPB,100uM,BM,Duchen,Candida
20/07/2015,147,1,WT,control,0nM,BM,Duchen,Candida
20/07/2015,147,2,CLCN3,control,0nM,BM,Duchen,Candida
20/07/2015,147,3,WT,zinc,100uM,BM,Duchen,Candida
20/07/2015,147,4,CLCN3,zinc,100uM,BM,Duchen,Candida
20/07/2015,147,5,WT,control,0nM,BM,HBSS,Candida
20/07/2015,147,6,CLCN3,control,0nM,BM,HBSS,Candida
20/07/2015,147,7,WT,zinc,300uM,BM,HBSS,Candida
20/07/2015,147,8,CLCN3,zinc,300uM,BM,HBSS,Candida
20/07/2015,147,9,HV1,control,0nM,BM,Duchen,Candida
20/07/2015,147,10,HV1,control,0nM,BM,HBSS,Candida
20/07/2015,147,11,HV1_CLCN3,control,0nM,BM,Duchen,Candida
20/07/2015,147,12,HV1_CLCN3,control,0nM,BM,HBSS,Candida
21/07/2015_2,148,1,HV1_CLCN3,phagocytosing,0nM,BM,Duchen,Candida
21/07/2015_2,148,2,HV1,phagocytosing,0nM,BM,Duchen,Candida
21/07/2015_2,148,3,HV1_CLCN3,nonphag,0nM,BM,Duchen,Candida
21/07/2015_2,148,4,HV1,nonphag,0nM,BM,Duchen,Candida
21/07/2015,149,1,HV1,control,0nM,BM,Duchen,Candida
21/07/2015,149,2,HV1,control,0nM,BM,HBSS,Candida
21/07/2015,149,3,HV1,Valinomycin,3uM,BM,HBSS,Candida
21/07/2015,149,4,HV1_KCC3,control,0nM,BM,Duchen,Candida
21/07/2015,149,5,HV1_KCC3,control,0nM,BM,HBSS,Candida
21/07/2015,149,6,HV1_KCC3,Valinomycin,3uM,BM,HBSS,Candida
10/07/2015,150,1,HV1,phagocytosing,0nM,BM,Bicarbonate,Candida
10/07/2015,150,2,HV1_CLCN3,phagocytosing,0nM,BM,Bicarbonate,Candida
10/07/2015,150,3,HV1,nonphag,0nM,BM,Bicarbonate,Candida
10/07/2015,150,4,HV1_CLCN3,nonphag,0nM,BM,Bicarbonate,Candida
17/07/2015,151,1,WT,control,0nM,BM,Bicarbonate,Candida
17/07/2015,151,2,WT,control,0nM,BM,Duchen,Candida
17/07/2015,151,3,WT,zinc,300uM,BM,Phosphate_free_duchen,Candida
17/07/2015,151,4,TSPO,control,0nM,BM,Bicarbonate,Candida
17/07/2015,151,5,TSPO,control,0nM,BM,Duchen,Candida
17/07/2015,151,6,TSPO,zinc,300uM,BM,Phosphate_free_duchen,Candida
23/07/2015,152,1,WT,control,0nM,BM,Duchen,Candida
23/07/2015,152,2,WT,control,0nM,BM,Bicarbonate,Candida
23/07/2015,152,3,WT,zinc,300uM,BM,Phosphate_free_duchen,Candida
23/07/2015,152,4,TSPO,control,0nM,BM,Duchen,Candida
23/07/2015,152,5,TSPO,control,0nM,BM,Bicarbonate,Candida
23/07/2015,152,6,TSPO,zinc,300uM,BM,Phosphate_free_duchen,Candida
29/07/2015,153,1,CLCN7-/-,control,0nM,Blood,Bicarbonate,Candida
29/07/2015,153,2,CLCN7-/-,control,0nM,Blood,Duchen1,Candida
29/07/2015,153,3,CLCN7-/-,control,0nM,Blood,Duchen2,Candida
29/07/2015,153,4,CLCN7-/-,zinc ,100uM,Blood,Phosphate_free_duchen,Candida
29/07/2015,153,5,Human,control,0nM,Blood,Bicarbonate,Candida
29/07/2015,153,6,Human,control,0nM,Blood,Duchen1,Candida
29/07/2015,153,7,Human,control,0nM,Blood,Duchen2,Candida
29/07/2015,153,8,Human,zinc ,100uM,Blood,Phosphate_free_duchen,Candida
